<?xml version="1.0" encoding="UTF-8"?>
<export version="D">
  <design>
    <source>/home/mmisirlis/KiCad-GR_tutorial_device/usb2uart.sch</source>
    <date>Πεμ 05 Νοέ 2015 04:48:27 μμ EET</date>
    <tool>Eeschema LL-2015-09-25-git:d09c0a2-llkicadgr</tool>
    <sheet number="1" name="/" tstamps="/">
      <title_block>
        <title>USB2UART</title>
        <company>Logikon Labs</company>
        <rev>1.0</rev>
        <date>15/10/2015</date>
        <source>usb2uart.sch</source>
        <comment number="1" value="Michael Misirlis"/>
        <comment number="2" value=""/>
        <comment number="3" value=""/>
        <comment number="4" value=""/>
      </title_block>
    </sheet>
  </design>
  <components>
    <comp ref="J1">
      <value>USB</value>
      <footprint>Connect:USB_B</footprint>
      <fields>
        <field name="MFG">FCI</field>
        <field name="MFG code">10033526-N3212MLF</field>
      </fields>
      <libsource lib="conn" part="CONN_01X04"/>
      <sheetpath names="/" tstamps="/"/>
      <tstamp>535FAD0A</tstamp>
    </comp>
    <comp ref="J2">
      <value>HEADER</value>
      <footprint>Pin_Headers:Pin_Header_Angled_1x04</footprint>
      <fields>
        <field name="MFG">FCI</field>
        <field name="MFG code">68015-204HLF</field>
      </fields>
      <libsource lib="conn" part="CONN_01X04"/>
      <sheetpath names="/" tstamps="/"/>
      <tstamp>535FAD2C</tstamp>
    </comp>
    <comp ref="R1">
      <value>430R</value>
      <footprint>Resistors_SMD:R_0402</footprint>
      <fields>
        <field name="MFG">Panasonic</field>
        <field name="MFG code">ERJ-2GEJ431X</field>
      </fields>
      <libsource lib="device" part="R"/>
      <sheetpath names="/" tstamps="/"/>
      <tstamp>535FAD3A</tstamp>
    </comp>
    <comp ref="D1">
      <value>LED</value>
      <footprint>LEDs:LED-0603</footprint>
      <fields>
        <field name="MFG">Osram</field>
        <field name="MFG code">LB Q39G-N1P1-35-1</field>
      </fields>
      <libsource lib="device" part="LED"/>
      <sheetpath names="/" tstamps="/"/>
      <tstamp>535FAD58</tstamp>
    </comp>
    <comp ref="C2">
      <value>470n</value>
      <footprint>Capacitors_SMD:C_0402</footprint>
      <fields>
        <field name="MFG">TDK</field>
        <field name="MFG code">C1005X5R1C474K050BC</field>
      </fields>
      <libsource lib="device" part="C"/>
      <sheetpath names="/" tstamps="/"/>
      <tstamp>535FAE1E</tstamp>
    </comp>
    <comp ref="C1">
      <value>1u</value>
      <footprint>Capacitors_SMD:C_0402</footprint>
      <fields>
        <field name="MFG">TDK</field>
        <field name="MFG code">C1005X5R1C105K050BC</field>
      </fields>
      <libsource lib="device" part="C"/>
      <sheetpath names="/" tstamps="/"/>
      <tstamp>535FAE24</tstamp>
    </comp>
    <comp ref="U1">
      <value>CP2104</value>
      <footprint>usb2uart:qfn24</footprint>
      <fields>
        <field name="MFG">Silicon Labs</field>
        <field name="MFG code">CP2104-F03-GM</field>
      </fields>
      <libsource lib="usb2uart" part="CP2104"/>
      <sheetpath names="/" tstamps="/"/>
      <tstamp>535FB4B6</tstamp>
    </comp>
    <comp ref="D2">
      <value>BLED</value>
      <footprint>usb2uart:bled_0603</footprint>
      <fields>
        <field name="MFG">Avago</field>
        <field name="MFG code">HSMF-C167</field>
      </fields>
      <libsource lib="usb2uart" part="bLED"/>
      <sheetpath names="/" tstamps="/"/>
      <tstamp>535FB67B</tstamp>
    </comp>
    <comp ref="C3">
      <value>100n</value>
      <footprint>Capacitors_SMD:C_0402</footprint>
      <fields>
        <field name="MFG">TDK</field>
        <field name="MFG code">C1005X5R1C104K050BA</field>
      </fields>
      <libsource lib="device" part="C"/>
      <sheetpath names="/" tstamps="/"/>
      <tstamp>535FB931</tstamp>
    </comp>
    <comp ref="R3">
      <value>220R</value>
      <footprint>Resistors_SMD:R_0402</footprint>
      <fields>
        <field name="MFG">Panasonic</field>
        <field name="MFG code">ERJ-2GEJ221X</field>
      </fields>
      <libsource lib="device" part="R"/>
      <sheetpath names="/" tstamps="/"/>
      <tstamp>535FD22A</tstamp>
    </comp>
    <comp ref="C4">
      <value>1u</value>
      <footprint>Capacitors_SMD:C_0402</footprint>
      <fields>
        <field name="MFG">TDK</field>
        <field name="MFG code">C1005X5R1C105K050BC</field>
      </fields>
      <libsource lib="device" part="C"/>
      <sheetpath names="/" tstamps="/"/>
      <tstamp>55F2D886</tstamp>
    </comp>
    <comp ref="R2">
      <value>220R</value>
      <footprint>Resistors_SMD:R_0402</footprint>
      <fields>
        <field name="MFG">Panasonic</field>
        <field name="MFG code">ERJ-2GEJ221X</field>
      </fields>
      <libsource lib="device" part="R"/>
      <sheetpath names="/" tstamps="/"/>
      <tstamp>55F2DB2B</tstamp>
    </comp>
  </components>
  <libparts>
    <libpart lib="conn" part="CONN_01X04">
      <footprints>
        <fp>Pin_Header_Straight_1X04</fp>
        <fp>Pin_Header_Angled_1X04</fp>
        <fp>Socket_Strip_Straight_1X04</fp>
        <fp>Socket_Strip_Angled_1X04</fp>
      </footprints>
      <fields>
        <field name="Reference">P</field>
        <field name="Value">CONN_01X04</field>
      </fields>
      <pins>
        <pin num="1" name="P1" type="passive"/>
        <pin num="2" name="P2" type="passive"/>
        <pin num="3" name="P3" type="passive"/>
        <pin num="4" name="P4" type="passive"/>
      </pins>
    </libpart>
    <libpart lib="usb2uart" part="CP2104">
      <description>CP2104 - USB to UART converter</description>
      <docs>datasheets/cp2104.pdf</docs>
      <footprints>
        <fp>qfn</fp>
      </footprints>
      <fields>
        <field name="Reference">U</field>
        <field name="Value">CP2104</field>
      </fields>
      <pins>
        <pin num="1" name="RI" type="input"/>
        <pin num="2" name="GND" type="power_in"/>
        <pin num="3" name="D+" type="BiDi"/>
        <pin num="4" name="D-" type="BiDi"/>
        <pin num="5" name="VIO" type="power_in"/>
        <pin num="6" name="VDD" type="power_out"/>
        <pin num="7" name="REGIN" type="power_in"/>
        <pin num="8" name="VBUS" type="input"/>
        <pin num="9" name="RSTn" type="input"/>
        <pin num="10" name="NC" type="NotConnected"/>
        <pin num="11" name="GPIO.3" type="BiDi"/>
        <pin num="12" name="GPIO.2" type="BiDi"/>
        <pin num="13" name="GPIO.1" type="BiDi"/>
        <pin num="14" name="GPIO.0" type="BiDi"/>
        <pin num="15" name="SUSPENDn" type="output"/>
        <pin num="16" name="VPP" type="passive"/>
        <pin num="17" name="SUSPEND" type="output"/>
        <pin num="18" name="CTS" type="input"/>
        <pin num="19" name="RTS" type="output"/>
        <pin num="20" name="RXD" type="input"/>
        <pin num="21" name="TXD" type="output"/>
        <pin num="22" name="DSR" type="input"/>
        <pin num="23" name="DTR" type="output"/>
        <pin num="24" name="DCD" type="input"/>
        <pin num="25" name="GND" type="power_in"/>
      </pins>
    </libpart>
    <libpart lib="usb2uart" part="bLED">
      <description>bicolor LED</description>
      <footprints>
        <fp>LED-3MM</fp>
        <fp>LED-5MM</fp>
        <fp>LED-10MM</fp>
        <fp>LED-0603</fp>
        <fp>LED-0805</fp>
        <fp>LED-1206</fp>
        <fp>LEDV</fp>
      </footprints>
      <fields>
        <field name="Reference">D</field>
        <field name="Value">bLED</field>
      </fields>
      <pins>
        <pin num="1" name="A" type="passive"/>
        <pin num="2" name="A" type="passive"/>
        <pin num="3" name="K" type="passive"/>
        <pin num="4" name="K" type="passive"/>
      </pins>
    </libpart>
    <libpart lib="device" part="R">
      <description>Resistance</description>
      <footprints>
        <fp>R?</fp>
        <fp>SM0603</fp>
        <fp>SM0805</fp>
        <fp>R?-*</fp>
        <fp>SM1206</fp>
      </footprints>
      <fields>
        <field name="Reference">R</field>
        <field name="Value">R</field>
      </fields>
      <pins>
        <pin num="1" name="~" type="passive"/>
        <pin num="2" name="~" type="passive"/>
      </pins>
    </libpart>
    <libpart lib="device" part="C">
      <description>Condensateur non polarise</description>
      <footprints>
        <fp>SM*</fp>
        <fp>C?</fp>
        <fp>C1-1</fp>
      </footprints>
      <fields>
        <field name="Reference">C</field>
        <field name="Value">C</field>
      </fields>
      <pins>
        <pin num="1" name="~" type="passive"/>
        <pin num="2" name="~" type="passive"/>
      </pins>
    </libpart>
    <libpart lib="device" part="LED">
      <footprints>
        <fp>LED-3MM</fp>
        <fp>LED-5MM</fp>
        <fp>LED-10MM</fp>
        <fp>LED-0603</fp>
        <fp>LED-0805</fp>
        <fp>LED-1206</fp>
        <fp>LEDV</fp>
      </footprints>
      <fields>
        <field name="Reference">D</field>
        <field name="Value">LED</field>
      </fields>
      <pins>
        <pin num="1" name="A" type="passive"/>
        <pin num="2" name="K" type="passive"/>
      </pins>
    </libpart>
  </libparts>
  <libraries>
    <library logical="conn">
      <uri>/usr/local/share/kicad/library/conn.lib</uri>
    </library>
    <library logical="usb2uart">
      <uri>/home/mmisirlis/KiCad-GR_tutorial_device/usb2uart.lib</uri>
    </library>
    <library logical="device">
      <uri>/usr/local/share/kicad/library/device.lib</uri>
    </library>
  </libraries>
  <nets>
    <net code="2" name="GND">
      <node ref="C4" pin="2"/>
      <node ref="U1" pin="2"/>
      <node ref="C1" pin="2"/>
      <node ref="C2" pin="2"/>
      <node ref="D1" pin="1"/>
      <node ref="J2" pin="4"/>
      <node ref="J1" pin="4"/>
      <node ref="U1" pin="25"/>
      <node ref="C3" pin="2"/>
    </net>
    <net code="3" name="VCC">
      <node ref="J1" pin="1"/>
      <node ref="U1" pin="7"/>
      <node ref="U1" pin="8"/>
      <node ref="R1" pin="1"/>
      <node ref="C1" pin="1"/>
    </net>
    <net code="6" name="/LEDRX">
      <node ref="D2" pin="3"/>
      <node ref="U1" pin="13"/>
    </net>
    <net code="7" name="/LEDTX">
      <node ref="U1" pin="14"/>
      <node ref="D2" pin="4"/>
    </net>
    <net code="8" name="/TXD">
      <node ref="U1" pin="21"/>
      <node ref="J2" pin="2"/>
    </net>
    <net code="9" name="/RXD">
      <node ref="J2" pin="3"/>
      <node ref="U1" pin="20"/>
    </net>
    <net code="10" name="/LEDONR">
      <node ref="R1" pin="2"/>
      <node ref="D1" pin="2"/>
    </net>
    <net code="11" name="/LEDRXR">
      <node ref="R2" pin="2"/>
      <node ref="D2" pin="1"/>
    </net>
    <net code="12" name="/LEDTXR">
      <node ref="R3" pin="2"/>
      <node ref="D2" pin="2"/>
    </net>
    <net code="13" name="+3.3V">
      <node ref="C4" pin="1"/>
      <node ref="U1" pin="5"/>
      <node ref="C3" pin="1"/>
      <node ref="R3" pin="1"/>
      <node ref="U1" pin="6"/>
      <node ref="J2" pin="1"/>
      <node ref="U1" pin="9"/>
      <node ref="R2" pin="1"/>
    </net>
    <net code="14" name="Net-(U1-Pad1)">
      <node ref="U1" pin="1"/>
    </net>
    <net code="15" name="/USBDM">
      <node ref="U1" pin="4"/>
      <node ref="J1" pin="2"/>
    </net>
    <net code="16" name="/USBDP">
      <node ref="J1" pin="3"/>
      <node ref="U1" pin="3"/>
    </net>
    <net code="17" name="Net-(U1-Pad15)">
      <node ref="U1" pin="15"/>
    </net>
    <net code="18" name="Net-(U1-Pad17)">
      <node ref="U1" pin="17"/>
    </net>
    <net code="19" name="Net-(U1-Pad24)">
      <node ref="U1" pin="24"/>
    </net>
    <net code="20" name="Net-(U1-Pad18)">
      <node ref="U1" pin="18"/>
    </net>
    <net code="21" name="Net-(U1-Pad22)">
      <node ref="U1" pin="22"/>
    </net>
    <net code="22" name="Net-(U1-Pad19)">
      <node ref="U1" pin="19"/>
    </net>
    <net code="23" name="Net-(U1-Pad23)">
      <node ref="U1" pin="23"/>
    </net>
    <net code="24" name="Net-(U1-Pad12)">
      <node ref="U1" pin="12"/>
    </net>
    <net code="25" name="Net-(U1-Pad11)">
      <node ref="U1" pin="11"/>
    </net>
    <net code="26" name="Net-(U1-Pad10)">
      <node ref="U1" pin="10"/>
    </net>
    <net code="27" name="/VPP">
      <node ref="C2" pin="1"/>
      <node ref="U1" pin="16"/>
    </net>
  </nets>
</export>
